Device_ID,Mood
DSS32970716,Unhappy
DSS32999973,Unhappy
DSS33011817,Unhappy
DSS33012217,Unhappy
DSS33028414,Unhappy
DSS32873369,Unhappy
DSS32904776,Unhappy
DSS32801031,Unhappy
DSS32865746,Unhappy
DSS32866386,Unhappy
DSS32870775,Unhappy
DSS32765430,Unhappy
DSS32817112,Unhappy
DSS32667118,Unhappy
DSS32667781,Unhappy
DSS32694658,Unhappy
DSS32456318,Unhappy
DSS32495773,Unhappy
DSS32518650,Unhappy
DSS32426953,Unhappy
DSS8827509,Unhappy
DSS32374176,Unhappy
DSS32283705,Unhappy
DSS32173042,Unhappy
DSS32279161,Unhappy
DSS32013089,Unhappy
DSS6735572,Unhappy
DSS31897649,Unhappy
DSS6631044,Unhappy
DSS31734070,Unhappy
DSS31247844,Unhappy
DSS31283717,Unhappy
DSS31211028,Unhappy
DSS9385834,Unhappy
DSS8009439,Unhappy
DSS8163599,Unhappy
DSS30683121,Unhappy
DSS30754845,Unhappy
DSS7848291,Unhappy
DSS30398244,Unhappy
DSS7496864,Unhappy
DSS8714220,Unhappy
DSS30309812,Unhappy
DSS32969768,Happy
DSS32993879,Happy
DSS33011568,Happy
DSS33028130,Happy
DSS33039298,Happy
DSS32886614,Happy
DSS32905893,Happy
DSS32913664,Happy
DSS32919323,Happy
DSS32957926,Happy
DSS32862711,Happy
DSS32733339,Happy
DSS32800909,Happy
DSS32828011,Happy
DSS32576599,Happy
DSS32577216,Happy
DSS32498622,Happy
DSS32546718,Happy
DSS32552127,Happy
DSS9768478,Happy
DSS32411618,Happy
DSS32450310,Happy
DSS32348892,Happy
DSS32356279,Happy
DSS32357220,Happy
DSS32241596,Happy
DSS32262122,Happy
DSS32335494,Happy
DSS32202372,Happy
DSS32230950,Happy
DSS32237869,Happy
DSS32264742,Happy
DSS32032706,Happy
DSS32025775,Happy
DSS31887833,Happy
DSS31947486,Happy
DSS7521368,Happy
DSS7887748,Happy
DSS31639746,Happy
DSS31649726,Happy
DSS10084926,Happy
DSS31482604,Happy
DSS31159820,Happy
DSS31194286,Happy
DSS30970326,Happy
DSS7648389,Happy
DSS30914997,Happy
DSS9318022,Happy
DSS30821037,Happy
DSS30787260,Happy
DSS8117663,Happy
DSS30718921,Happy
DSS7490397,Happy
DSS7197714,Happy
DSS9236347,Happy
DSS30393778,Happy
DSS30414641,Happy
DSS30424208,Happy
DSS7799819,Happy
DSS30243618,Happy
DSS9433773,Happy
